id,titulo,trecho,classe_dono,classe_gold,decisao
414883,Solo Seguro — Favela e Comunidades entrega títulos em Ponte Alta do Bom Jesus,"Ponte Alta do Bom Jesus abriu, nessa segunda-feira (25/5), a mobilização “Solo Seguro Favela e Comunidades” no Tocantins, iniciativa coordenada nacionalmente pelo Conselho Nacional de Justiça (CNJ) e executada no estado pelo Núcleo de Prevenção e Regularização Fundiária (Nupref) da Corregedoria-Geral da Justiça (CGJUS). A ação marcou o início de uma semana de entregas de títulos definitivos de pro",Regularização fundiária,Litigância / ações coletivas,
375887,Plenário estabelece diretrizes norteadoras a serem aplicadas em processos estruturais,"Os tribunais e os magistrados brasileiros passarão a ter parâmetros para a identificação e a condução de processos estruturais. A decisão foi tomada no julgamento do Ato Normativo 0002808-31.2025.2.00.0000. “Há uma novidade no cenário jurídico brasileiro, que são os processos estruturais, aqueles que já não se destinam apenas à produção de uma sentença encerrando a atuação do Poder Judiciário”, de",Litigância / ações coletivas,Institucional / Gestão,
358382,Fórum do Judiciário discute responsabilização da cadeia produtiva em casos de trabalho escravo,"O Fórum Nacional para Monitoramento e Solução das Demandas Atinentes à Exploração do Trabalho em Condições Análogas à de Escravo e ao Tráfico de Pessoas (Fontet) realiza, nesta quarta (29/1) e quinta-feira (30/1), em Brasília, a Reunião Técnica sobre Responsabilização da Cadeia Produtiva e Rastreabilidade para Integrantes do Sistema de Justiça Brasileiro. A capacitação para magistrados e magistrad",Trabalho escravo / tráfico,Institucional / Gestão,
391375,CNJ assina acordo para traduzir convenção da OIT para 10 línguas indígenas brasileiras,"Os direitos dos povos indígenas e de comunidades tradicionais no que diz respeito a sua organização e modo de vida, estabelecidos pela Convenção n. 169 da Organização Internacional do Trabalho (OIT), serão traduzidos para 10 línguas de povos indígenas do Brasil. Esse trabalho contará com o apoio do Conselho Nacional de Justiça (CNJ) e de outros órgãos, por meio de um Acordo de Cooperação Técnica (",Direitos humanos / Corte IDH,Equidade racial,
371549,Judiciário mineiro lança projeto voltado para o povo Tikmu’um-Maxakali,"A coordenadora adjunta do Cejusc Povos e Comunidades Tradicionais do Tribunal de Justiça de Minas Gerais, desembargadora Shirley Fenzi Bertão, representou o presidente do TJMG, desembargador Luiz Carlos Corrêa Junior, na quinta-feira (15/5), no lançamento do livro bilíngue (português/maxakali) com os Planos de Gestão Territorial e Ambiental das Terras Indígenas Tikmu’um-Maxakali (PGTAs). Os Planos",Direitos humanos / Corte IDH,Equidade racial,
395486,Justiça Eleitoral do Amapá promove ação de cidadania indígena na Aldeia Aramirã,"A Justiça Eleitoral do Amapá, por meio da Escola Judiciária Eleitoral (EJE-AP), promoveu na Aldeia Aramirã, terra indígena Wajãpi, mais uma importante ação voltada à cidadania indígena. A atividade, realizada no dia 4 de novembro, dá sequência ao projeto Cidadania Participativa, que anteriormente possibilitou à comunidade Wajãpi eleger um representante na Câmara Municipal de Pedra Branca do Amapar",Justiça Eleitoral,Justiça Itinerante / cidadania,
408179,Fachin defende pacto nacional e reforça papel do Judiciário contra o crime organizado,"Durante a abertura do Encontro Nacional sobre os Desafios do Poder Judiciário ante o Crime Organizado, realizado na sede do Conselho Nacional de Justiça (CNJ), nesta segunda (23/3), o presidente do CNJ e do Supremo Tribunal Federal (STF), Ministro Edson Fachin, afirmou que o combate ao crime organizado se tornou uma questão de Estado no Brasil e exige uma atuação coordenada e estratégica das insti",Institucional / Gestão,Sistema prisional,
372782,Prêmio Solo Seguro: inscrições terminam no sábado (31/5),"Termina no sábado (31/5) o período de inscrição para o Prêmio Solo Seguro, iniciativa da Corregedoria Nacional de Justiça (CNJ) que visa disseminar e reconhecer ações, projetos ou programas inovadores acerca do aperfeiçoamento da Regularização Fundiária Urbana (Reurb) e rural e estimular o desempenho dos tribunais na política da regularização fundiária e no monitoramento do cumprimento das decisõe",Regularização fundiária,Corregedoria / Inspeção,
389831,Justiça do Trabalho paulista transforma telefone histórico em ferramenta de difusão da memória,"A Coordenadoria de Gestão Documental e Memória do Tribunal Regional do Trabalho da 2ª Região (TRT-2) desenvolveu uma solução inovadora de museologia interativa, que alia a difusão da memória institucional à tecnologia moderna: o MemoFone. O projeto transforma um telefone de disco antigo em uma interface interativa capaz de reproduzir conteúdos de áudio personalizados conforme os números discados p",Inovação,IA / Justiça 4.0,
394285,Mutirão de conciliação ajuda regularização de contas de energia em atraso em Roraima,"A XX Semana Nacional da Conciliação começou com uma oportunidade especial para quem precisa renegociar dívidas de energia elétrica. O Tribunal de Justiça de Roraima (TJRR), por meio do Centro Judiciário de Solução de Conflitos e Cidadania (Cejusc), deu início, nesta segunda-feira (3/11), ao mutirão de atendimento voltado à negociação de débitos com a Roraima Energia. Segundo o servidor e instrutor",Conciliação e mediação,Justiça Itinerante / cidadania,
370521,CNJ leva o tema escravidão para o 5.º Encontro Nacional de Memória do Poder Judiciário,"Representantes do Conselho Nacional de Justiça (CNJ) expuseram, nesta quinta-feira (8), no 5.º Encontro Nacional de Memória do Poder Judiciário (Enam), em Goiânia (GO), as ações do órgão sobre gestão documental e memória, incluindo processos que tratam da escravidão. O conselheiro Alexandre Teixeira presidiu a mesa sobre o Grupo de Trabalho (GT) Memória da Escravidão e da Liberdade, do CNJ. Segund",Trabalho escravo / tráfico,Equidade racial,
394579,Está aberta consulta pública sobre Política de Acessibilidade e Inclusão na Justiça Eleitoral,"O Tribunal Superior Eleitoral (TSE) publicou, no Diário Oficial da União (DOU) desta quarta-feira (5), o Aviso de Chamamento Público n. 13/2025 para receber contribuições da sociedade para a minuta de resolução que cria a Política de Acessibilidade e Inclusão da Pessoa com Deficiência ou com Mobilidade Reduzida no Processo Eleitoral e nas Atividades da Justiça Eleitoral. As contribuições deverão s",Inclusão PCDs,Justiça Eleitoral,
380449,Comarcas do Maranhão baixam quase 50 mil processos em julho,"A um dia do prazo final para apuração das metas do “Desafio Baixa Extraordinária”, as unidades judiciais da Justiça do Primeiro Grau do Maranhão se aproximam do total de quase 50 mil processos julgados, reduzidos do estoque da demanda judicial em todo o Maranhão. Os dados do Painel de Indicadores da Corregedoria Geral da Justiça do Maranhão (CGJ-MA) indicam que, no primeiro dia do projeto, em 1.º ",Institucional / Gestão,Corregedoria / Inspeção,
400001,Oficiais de justiça poderão registrar proposta de conciliação ao cumprir mandados,"O Conselho Nacional de Justiça (CNJ) aprovou recomendação para que os tribunais brasileiros regulamentem a atuação de oficiais de justiça como incentivadores da conciliação ao cumprirem mandados judiciais. A partir da decisão, esses profissionais poderão informar as partes sobre a possibilidade de acordo e registrar propostas de autocomposição nos autos. A orientação é uma resposta à Consulta 0003",Conciliação e mediação,Institucional / Gestão,
414582,Terceira edição do Solo Seguro — Favela e Comunidades começa nesta segunda (25/5),"A Corregedoria Nacional de Justiça começa nesta segunda-feira (25/5) a terceira edição da Semana Nacional de Mobilização do programa “Solo Seguro — Favela e Comunidades”. A iniciativa segue até sexta-feira (29/5), com ações simultâneas em todo o país voltadas à regularização fundiária urbana. O corregedor nacional de Justiça, ministro Mauro Campbell Marques, estará na abertura das atividades no Ri",Regularização fundiária,Corregedoria / Inspeção,
369529,Semana Nacional do Registro Civil: RJ terá ações para pessoas em vulnerabilidade social,"O Tribunal de Justiça do Estado do Rio de Janeiro (TJRJ), por meio da Corregedoria Geral da Justiça, participará da terceira edição da “Semana Nacional do Registro Civil – Registre-se!”. Promovida pelo Conselho Nacional de Justiça e organizada pela Corregedoria Nacional de Justiça, a ação no Estado do Rio de Janeiro terá como público alvo as pessoas em situação de rua e a população carcerária. A S",Justiça Itinerante / cidadania,Corregedoria / Inspeção,
410760,"Imparcialidade no Judiciário exige reconhecer desigualdades e diferentes vivências, diz especialista","A imparcialidade judicial não se confunde com neutralidade. Para se chegar à equidade na Justiça, é preciso mais conhecimento sobre as desigualdades estruturais, maior participação de pessoas com diferentes vivências e origens, assim como o reconhecimento das hierarquias de poder que atravessam a sociedade. Essas reflexões foram debatidas, nesta quinta-feira (16/4), na quinta sessão do Programa In",Equidade racial,Institucional / Gestão,
410668,CNJ abre inscrições para 2ª edição do Programa de Ações Afirmativas para Ingresso na Magistratura,"O Conselho Nacional de Justiça (CNJ), em parceria com a Fundação Getúlio Vargas (FGV), inaugura a 2ª edição do Programa CNJ de Ações Afirmativas para Ingresso na Magistratura. Criado em 2024, o programa busca ampliar a diversidade étnico-racial na magistratura brasileira e promover condições mais equitativas de acesso aos concursos públicos da carreira, incluindo o Exame Nacional da Magistratura (",Equidade racial,Institucional / Gestão,
368011,CNJ atua na defesa de direitos transversais dos povos indígenas,"Comemorando o Dia dos Povos Indígenas, neste sábado (19/4), o Conselho Nacional de Justiça (CNJ) celebra o trabalho que vem sendo feito em várias frentes para atender a demandas de interesse dessas comunidades. Além do acompanhamento e do monitoramento dessas ações, o CNJ tem atuado em parceria com tribunais e outros órgãos públicos e instituições para articular soluções e construir diagnósticos r",Direitos humanos / Corte IDH,Equidade racial,
395503,Justiça Eleitoral promove encontro sobre violência contra mulheres e baixa presença feminina nos espaços de poder,"O Tribunal Superior Eleitoral (TSE) promove, no dia 24 de novembro, véspera do Dia Internacional pela Eliminação da Violência contra as Mulheres, o encontro “Democracia: substantivo feminino”. A iniciativa busca abrir espaço e tempo para ouvir mulheres em diálogos sobre dificuldades e possibilidades, avanços e obstáculos ainda existentes para a igualdade de gênero no país, especialmente na partici",Participação feminina,Violência doméstica / mulheres,
412968,Pesquisa sobre trabalho de cuidado segue aberta para profissionais do Judiciário,"As trabalhadoras e trabalhadores do Poder Judiciário podem participar da pesquisa nacional sobre responsabilidades de cuidado, promovida pelo Conselho Nacional de Justiça (CNJ). O questionário é anônimo e leva cerca de 15 minutos para ser preenchido. O prazo encerra em 18/05. A iniciativa busca compreender os impactos que a responsabilidade por cuidar de crianças, pessoas idosas, pessoas com defic",Participação feminina,Institucional / Gestão,
385879,"Ilha do Combu, no Pará, ganha regras de preservação com apoio do Judiciário","A preservação da Ilha do Combu, em Belém do Pará, a manutenção do conhecimento tradicional dos moradores locais e seu aproveitamento em diversas atividades, como o turismo, ganhou mais um aliado: o Poder Judiciário. Representando o Conselho Nacional de Justiça (CNJ), a conselheira Daniela Madeira, participou da articulação da assinatura do documento que implanta o Plano Gestor da Área de Proteção ",Sustentabilidade / Pauta verde,Regularização fundiária,
372975,CNJ afasta desembargador federal envolvido em caso de violência doméstica,"O Plenário do Conselho Nacional de Justiça (CNJ) aprovou, nesta terça-feira (27/5), a proposta do corregedor nacional de justiça, ministro Mauro Campbell Marques, de afastar cautelarmente o desembargador federal Alcides Martins Ribeiro Filho, do Tribunal Regional Federal da 2.ª Região (TRF-2). A decisão foi motivada pelo envolvimento do magistrado em um caso de violência doméstica, resistência à p",Processos disciplinares,Violência doméstica / mulheres,
368006,Regularização Fundiária em Porto Velho (RO): Corregedoria acompanha entrega de 1.004 títulos,"O corregedor-geral da Justiça de Rondônia, desembargador Gilberto Barbosa, acompanhado do juiz auxiliar extrajudicial, Marcelo Tramontini, participou, no sábado (12/4), da solenidade de entrega de 1.004 títulos de propriedade em Porto Velho. O evento foi realizado no Teatro Estadual Palácio das Artes e contou com a presença do prefeito da capital, Léo Moraes, além de representantes do Poder Execut",Regularização fundiária,Corregedoria / Inspeção,
366916,Corregedor nacional destaca atuação do CNJ à comitiva de Moçambique,"As atividades desenvolvidas pelo Conselho Nacional de Justiça (CNJ) foram o ponto central abordado pelo corregedor nacional de Justiça, ministro Mauro Campbell, ao receber Comitiva de Moçambique, interessada em conhecer o funcionamento de instituições brasileiras. O encontro ocorreu nesta quinta-feira (3/4) e durante a conversa, o corregedor destacou a atuação do Conselho no controle e na transpar",Institucional / Gestão,Corregedoria / Inspeção,
408824,Comunidade de Alcântara recebe título de domínio do Território Quilombola,"Na terça-feira (24/3), o Governo Federal entregou o título de domínio do Território Quilombola de Alcântara (45,9 mil hectares). A iniciativa é resultado do Acordo de Alcântara — Termo de Conciliação, Compromisso e Reconhecimentos Recíprocos —, assinado em evento realizado no município em setembro de 2024, no qual autoridades da Justiça Estadual e Federal e Advocacia Geral da União (AGU) reforçara",Conflitos fundiários,Regularização fundiária,
399284,Tribunal do Paraná firma cooperação com prefeitura para auxiliar superendividados,"O Tribunal de Justiça do Estado do Paraná (TJPR) firmou um termo de cooperação técnica com a Prefeitura de Maringá, por meio do Procon-PR, para o atendimento ao consumidor superendividado. O principal objetivo é proporcionar educação financeira, além da realização de audiências de conciliação, presididas por magistradas e magistrados competentes ou por conciliadores capacitados e credenciados junt",Conciliação e mediação,Socioeducativo,
362990,Centro de atendimento no RJ vence prêmio ao integrar serviços a pessoas em situação de rua,"Um espaço permanente junto à Central do Brasil, na capital do Rio de Janeiro, oferece uma abordagem integrada no atendimento a pessoas em situação de rua. O local reúne serviços prestados por órgãos federais, estaduais e municipais, incluindo registro civil, inscrição em programas sociais e na rede de moradia, entre outros. Alinhado à Política Nacional de Atenção a Pessoas em Situação de Rua , ins",PopRuaJud,Justiça Itinerante / cidadania,
403311,"CNJ reforça compromisso em saúde, equidade e proteção social com posse de novos conselheiros","O presidente do Conselho Nacional de Justiça (CNJ) e do Supremo Tribunal Federal (STF), Ministro Luiz Edson Fachin, reafirmou compromissos com as políticas públicas do órgão durante a cerimônia de posse da Desembargadora Estadual Jaceguara Dantas da Silva, no cargo de conselheira, e do Juiz Estadual Fabio Francisco Esteves, no cargo de conselheiro, e de recondução da Conselheira Daiane Nogueira de",Institucional / Gestão,Saúde / judicialização,
401821,TJSC lança Glossário de Cálculos e Custas Judiciais com foco em linguagem simples,"O Tribunal de Justiça de Santa Catarina (TJSC) disponibilizou o Glossário de Cálculos e Custas Judiciais — 2025, um material de consulta voltado a magistrados e servidores, com o objetivo de padronizar conceitos técnicos, qualificar o embasamento das decisões judiciais e tornar mais clara a comunicação relacionada aos cálculos e às custas processuais. Elaborado pela Divisão de Contadoria Judicial ",Linguagem simples,Institucional / Gestão,
392691,Mediação garante indenização para vítimas e familiares de atentado em escola capixaba,"Um projeto de mediação conseguiu levantar recursos e pagar indenizações de maneira célere e sem a necessidade de judicialização a pais, mães, cônjuges e irmãos de professoras mortas, vítimas do tiroteio ocorrido em 2022 em uma escola pública de Aracruz, norte do Espírito Santo. A ação venceu a 15ª edição do Prêmio Conciliar é Legal , promovido pelo Conselho Nacional de Justiça (CNJ), na categoria ",Conciliação e mediação,Institucional / Gestão,
408762,Últimos dias para contribuir com consulta pública do CNJ sobre violência por agentes da segurança pública,"Termina no próximo dia 30 o prazo para participação na consulta pública do Conselho Nacional de Justiça (CNJ) que busca reunir contribuições sobre os desafios enfrentados por vítimas diretas e indiretas de violência praticada por agentes de segurança pública no acesso à Justiça. As manifestações irão subsidiar a elaboração de um protocolo de atendimento humanizado no âmbito do Poder Judiciário, vo",Direitos humanos / Corte IDH,Institucional / Gestão,
404960,Novo prazo para envio de contribuições à consulta pública sobre o Judiciário termina em 27/2,"Encerra, na próxima semana, o prazo para envio de sugestões para o enfrentamento de desafios do Poder Judiciário nas áreas de Previdência, Execuções Fiscais e Direito do Consumidor. Especialistas, instituições, magistrados e magistradas e servidores e servidoras que atuem nessas áreas, além de organizações da sociedade civil com atuação jurídica ou acadêmica, poderão enviar as contribuições ao Con",Institucional / Gestão,Execuções fiscais,
409539,Rede nacional do Judiciário vai fortalecer combate ao crime organizado,"O Conselho Nacional de Justiça (CNJ) instituiu, nesta terça-feira (7/4), a Rede Nacional de Magistrados com Competência em Criminalidade Organizada. A medida marca uma nova fase da atuação institucional do Judiciário brasileiro no enfrentamento a esse tipo de crime, de forma mais coordenada, especializada e estratégica. A rede possui caráter colaborativo, consultivo e de apoio técnico-operacional,",Institucional / Gestão,Sistema prisional,
407471,Portal Jus.br chega à marca de um milhão de usuários,"Mais de um milhão de pessoas já utiliza o Portal Jus.br como porta de entrada para acessar os serviços do Poder Judiciário, com uma média de mais de 14 mil usuários por dia. Por meio da plataforma, magistradas, magistrados, servidoras e servidores do Judiciário, advogadas, advogados e a população em geral podem acessar os principais serviços oferecidos pelos tribunais do país no mesmo ambiente dig",IA / Justiça 4.0,Inovação,
375953,Justiça e MP vão compartilhar uso de pontos de inclusão digital em Minas Gerais,"O Tribunal de Justiça de Minas Gerais (TJMG) e o Ministério Público de Minas Gerais (MPMG) assinaram, nesta sexta-feira (13/6), Acordo de Cooperação Técnica (ACT) que prevê o uso compartilhado de espaços físicos dos fóruns e utilização dos Centros Judiciários de Solução de Conflitos e Cidadania (Cejuscs) Digitais. A iniciativa busca ampliar o acesso à Justiça, fortalecendo os Pontos de Inclusão Di",Justiça Itinerante / cidadania,IA / Justiça 4.0,
369334,"I Encontro Nacional da Rede de Inteligência do Poder Judiciário acontecerá em Brasília, nos dias 23 e 24/6","O Conselho Nacional de Justiça (CNJ), o Centro de Estudos Judiciários do Conselho da Justiça Federal (CEJ/CJF) e o Tribunal de Justiça do Distrito Federal e dos Territórios (TJDFT) realizarão, nos dias 23 e 24 de junho de 2025, o I Encontro Nacional da Rede de Inteligência do Poder Judiciário, em Brasília (DF). As inscrições estarão abertas até o dia 9 de junho. Voltado a magistrados e magistradas",Inovação,IA / Justiça 4.0,
398157,Portal Jus.br completa um ano com mais de 700 mil usuários,"Na primeira semana de dezembro, o portal Jus.br completou um ano desde seu lançamento para magistradas, magistrados, servidoras e servidores do Judiciário, advogadas, advogados e a população em geral. Em seus primeiros 12 meses no ar, a plataforma registrou cerca de 706 mil usuários, com uma média superior a 10,4 mil acessos diários. Desenvolvido no âmbito do Programa Justiça 4.0 , o Jus.br reúne,",IA / Justiça 4.0,Inovação,
401458,TRE-RN institui protocolo de tratamento de denúncias e plano de resposta a fraudes e corrupção,"O Tribunal Regional Eleitoral do Rio Grande do Norte (TRE-RN) publicou a Portaria n. 1/2026/Pres, que dispõe sobre o Protocolo de Tratamento de Denúncia e o Plano de Resposta a Fraudes e Corrupção, no âmbito da Justiça Eleitoral potiguar. A norma estabelece diretrizes e procedimentos para o recebimento, análise, encaminhamento e tratamento de denúncias. O normativo assegura ainda critérios de conf",Institucional / Gestão,Justiça Eleitoral,
379665,CNJ concederá selo a entidades que contribuem para a diversidade e a inclusão no Judiciário,As entidades doadoras e os órgãos públicos que apoiam oficialmente o Programa CNJ de Ação Afirmativa para Ingresso na Magistratura passarão a receber o Selo de Reconhecimento Público por Contribuição à Diversidade e Inclusão no Poder Judiciário Brasileiro. A condecoração é um incentivo à participação no programa que visa aumentar a representatividade no Judiciário de forma a refletir a diversidade,Equidade racial,Institucional / Gestão,
375387,Fundo de modernização auxiliará a prestação de serviços de TI ao Judiciário,"A necessidade de modernizar e incluir tecnologia da informação aos serviços prestados pelo Conselho Nacional de Justiça (CNJ) às instituições e ao cidadão passará a contar com recursos de um fundo específico. A proposta de criação do Fundo de Modernização do Conselho Nacional de Justiça foi aprovada por unanimidade pelo colegiado do órgão na manhã desta terça-feira (10/6), durante a 3.ª Sessão Ext",Institucional / Gestão,IA / Justiça 4.0,
384098,Acordo de cooperação pode extinguir até 650 mil processos de conselhos profissionais,"Entre os 20 maiores litigantes do país no polo ativo, seis são conselhos profissionais. Em busca de diminuir esse acervo, o presidente do Conselho Nacional de Justiça (CNJ), ministro Luís Roberto Barroso, firmou acordo de cooperação técnica com cinco dos seis tribunais regionais federais e os conselhos federais dos Representantes Comerciais e de Contabilidade, na tarde desta terça-feira (26/8). As",Litigância / ações coletivas,Institucional / Gestão,
409591,Reservatório de dados processuais será utilizado no combate ao crime organizado,"O Ministério Público poderá acessar os dados processuais contidos em “reservatório eletrônico” do Conselho Nacional de Justiça (CNJ) para desenvolver ações de combate ao crime organizado. A concessão do acesso ao Data Lake do Poder Judiciário, que centraliza informações de processos judiciais públicos, foi formalizada nesta terça-feira (7/4) pelo presidente do CNJ, Ministro Edson Fachin, e pelo pr",IA / Justiça 4.0,Sistema prisional,
408304,CNJ debate desafios do Judiciário no combate ao crime organizado,"Magistradas, magistrados e representantes dos tribunais que atuam na área de segurança pública participaram, nesta segunda (23/3), do primeiro dia do encontro Desafios do Poder Judiciário ante o Crime Organizado”, realizado pelo Conselho Nacional de Justiça (CNJ). Após a abertura pelo presidente do CNJ e do Supremo Tribunal Federal (STF), Ministro Edson Fachin, às 10h (veja matéria), tiveram iníci",Institucional / Gestão,Sistema prisional,
373886,Painel reúne dados sobre ações da Fazenda Nacional,"Mais de 2,5 milhões de processos pendentes na Justiça atualmente são de ações propostas pela Fazenda Nacional. O dado consta do Painel de Monitoramento das Ações Judiciais da Fazenda Nacional , lançado pelo Conselho Nacional de Justiça (CNJ). A ferramenta traz dados detalhados, que poderão contribuir com o desenvolvimento de estratégias de tratamento dos processos. A partir das informações contida",Transparência,Execuções fiscais,
378732,Sistema da Justiça Federal permite planejamento estratégico e eficiência na formação judicial,"A Justiça Federal deu mais um importante passo rumo à modernização e à integração institucional. Na terça-feira (8/7), foi lançado oficialmente o Sistema Nacional de Escolas da Justiça Federal (Sinemaf), plataforma que reúne, em um único ambiente digital, os cursos e os eventos promovidos pelo Centro de Estudos Judiciários do Conselho da Justiça Federal (CEJ/CJF) e pelas seis Escolas da Magistratu",Institucional / Gestão,Inovação,
410263,Decisão do CNJ mantém direitos de servidores do TJPA sobre licença médica,"O Conselho Nacional de Justiça (CNJ) decidiu, por unanimidade, acolher os pedidos e anular as Portarias 3455/2025 e 02/2025 do Tribunal de Justiça do Pará (TJPA), que suspendiam a Gratificação de Atividade Externa (GAE) e o rateio das diligências para servidores em licença para tratamento de saúde ou por doença em pessoa da família por mais de 60 dias. Ao aprovar integralmente o voto do conselheir",Institucional / Gestão,Processos disciplinares,
403599,Programa do CNJ na TV Justiça estreia novo formato nesta quinta-feira (5/2),"A partir desta quinta-feira (5/2), o programa do Conselho Nacional de Justiça (CNJ) na TV Justiça passa a contar com um novo formato. Agora, as políticas judiciárias implementadas em todo o país ganham ainda mais visibilidade dentro do Repórter Justiça, programa exibido semanalmente na emissora às quintas-feiras, às 20h, com reprises às segundas-feiras, também às 20h, e aos domingos, às 11h30. No ",Institucional / Gestão,Inovação,
356125,Resoluções aprovadas em 2024 aprofundam atuação da Justiça em tecnologia e direitos humanos,"Ao longo de 2024, o Conselho Nacional de Justiça (CNJ) aprovou 62 resoluções que abrangem a criação de novas políticas judiciárias, o estabelecimento de diretrizes para programas e projetos já existentes e eventuais adequações a fim de atender a legislação vigente. Esses normativos zelaram, sobretudo, pela evolução do Poder Judiciário em relação à responsabilidade social e às necessidades das pess",Institucional / Gestão,Direitos humanos / Corte IDH,
374399,"Em bate-papo com Barroso, influenciadores digitais visitam CNJ e conhecem atribuições da instituição","Nesta quinta-feira (5/6), um grupo de dez criadores de conteúdo digital de todo o Brasil visitou a sede do Conselho Nacional de Justiça (CNJ), em Brasília, para conhecer o órgão e aprender mais sobre a atuação da instituição e do Poder Judiciário. A atividade faz parte do projeto Diálogos com o Poder, criado a partir de parceria entre a organização Redes Cordiais e o YouTube para aproximar os Três",Institucional / Gestão,Inovação,
360996,Justiça do DF realiza mais de 65 mil atendimentos nos Pontos de Inclusão Digital,"O Tribunal de Justiça do Distrito Federal e dos Territórios (TJDFT) realizou, em 2024, 65.315 atendimentos nos Pontos de Inclusão Digital (PID). Eles oferecem os serviços digitais assistidos (SDA) e as salas passivas de videoconferência. Em um ano, foram realizados 48.483 atendimentos no Serviço Digital Assistido e 18.832 atendimentos nas Salas Passivas. Os suportes estão presentes em 19 fóruns e ",Justiça Itinerante / cidadania,Inovação,
357464,Justiça Federal da 1.ª Região cria modelo para facilitar o entendimento de documentos judiciais,"Para ampliar o acesso à Justiça e favorecer a compreensão de documentos judiciais, o Tribunal Regional Federal da 1.ª Região (TRF-1) concluiu e aprovou a versão final do “Mandado de Intimação para Regularização da Representação Processual”, o primeiro modelo desenvolvido do projeto “Mandado Simples”. Para a supervisora da Seção de Suporte à Gestão Judiciária (Sesuj) e gerente do projeto, Adriana S",Linguagem simples,Institucional / Gestão,
362586,Jovem com síndrome de Down realiza sonho de se tornar policial por um dia no Tribunal do Trabalho da 14ª Região,"Daniel Nunes da Silva, jovem com síndrome de Down, realizou o sonho de ser policial por um dia. Funcionário terceirizado do Tribunal Regional do Trabalho da 14ª Região (RO/AC), onde trabalha como servente de limpeza, Daniel participou de uma ação inclusiva promovida pela Polícia Judicial do TRT-14, com autorização do Conselho Nacional de Justiça (CNJ). A iniciativa ocorreu durante uma festa surpre",Inclusão PCDs,Institucional / Gestão,
357212,Tribunais de Roraima e do Amazonas reforçam parceria para atender a comunidades indígenas,"O desembargador Erick Linhares, atual ouvidor-geral de justiça e eleito corregedor-geral de justiça de Roraima para o biênio 2025/2027, reuniu-se com o corregedor-geral de justiça do Amazonas eleito para o biênio 2025/2027, desembargador José Hamilton Saraiva dos Santos, para alinhar ações conjuntas voltadas às comunidades indígenas na fronteira entre os dois estados. Desde 2017, os tribunais de j",Direitos humanos / Corte IDH,Justiça Itinerante / cidadania,
401818,TRE-PI amplia acesso à cidadania com calendário de atendimentos descentralizados,"Com foco no fechamento do cadastro eleitoral, a Justiça Eleitoral itinerante do Tribunal Regional Eleitoral do Piauí (TRE-PI) percorre municípios e bairros para facilitar a regularização de eleitores antes do prazo de 6 de maio. O esforço pretende garantir que todo cidadão piauiense exerça o seu direito ao voto. O atendimento descentralizado busca levar os serviços essenciais da Justiça Eleitoral ",Justiça Eleitoral,Justiça Itinerante / cidadania,
378727,Tribunal do Distrito Federal implanta novo painel de sessão virtual,"O Tribunal de Justiça do Distrito Federal e dos Territórios (TJDFT) implantou o Plenário Virtual para que advogados, advogadas, jurisdicionados e jurisdicionadas possam acompanhar, em tempo real, as sessões de julgamento virtuais. O painel foi implantado no dia 30 de junho e segue as diretrizes Resolução n. 591/2024, do Conselho Nacional de Justiça (CNJ) . A grande inovação da solução é a publiciz",Transparência,Inovação,
384706,Corte do RS reforça compromisso com liberdade religiosa em encontro com povos de terreiro,"A Ouvidoria da Mulher, das Pessoas LGBTQIAPN+ e das Pessoas em Situação de Vulnerabilidade do Tribunal de Justiça do Rio Grande do Sul (TJRS) recebeu a visita de representantes de povos de terreiro, em um encontro marcado pelo diálogo, pela escuta e pela valorização da diversidade cultural e religiosa. A atividade foi realizada em parceria com a Ouvidoria-Geral da Defensoria Pública do RS e com o ",Direitos humanos / Corte IDH,LGBTQIA+,
381824,Ação inédita usa técnica da Justiça Restaurativa em presídio feminino de Ponta Porã (MS),"O Tribunal de Justiça de Mato Grosso do Sul, por meio da Secretaria do Núcleo Permanente de Métodos Consensuais de Solução de Conflitos (Nupemec) e da Justiça Restaurativa, colocou em prática o projeto de Justiça Restaurativa em unidades prisionais de MS. Esta é a primeira iniciativa realizada no estado e foi idealizada pela juíza Thielly Dias de Alencar Pitthan, titular da 1.ª Vara Criminal de Po",Conciliação e mediação,Sistema prisional,
401860,Programa Justiça 4.0 capacita mais de 4 mil pessoas em 2025,"O Programa Justiça 4.0 capacitou 4.339 pessoas em 41 cursos autoinstrucionais e seis síncronos, ofertados a servidoras e servidores do Judiciário, magistradas e magistrados e sociedade em geral, durante todo o ano passado. Foi a primeira vez que as capacitações atraíram mais o público externo, responsável por metade das pessoas certificadas em 2025. O juiz auxiliar da Presidência do Conselho Nacio",IA / Justiça 4.0,Institucional / Gestão,
405837,"Trabalhadores, entidades e acadêmicos contribuirão para política judiciária pelo trabalho decente","A elaboração da Política Judiciária Nacional de Promoção do Trabalho Decente será construída a muitas mãos. O trabalho teve início nessa segunda-feira (2/3), durante a reunião de instalação do Observatório do Trabalho Decente do Poder Judiciário (OTD) . No plenário do Conselho Nacional de Justiça (CNJ), o presidente do órgão, ministro Edson Fachin, ao lado do presidente do Tribunal Superior do Tra",Direitos humanos / Corte IDH,Institucional / Gestão,
414066,Justiça Estadual ultrapassa 1 milhão de atos processuais em 2026,"Nos primeiros cinco meses de 2026, o Tribunal de Justiça de Pernambuco (TJPE) já realizou mais de 1 milhão de atos processuais. O número é do Decisômetro, ferramenta tecnológica criada para permitir que a população acompanhe a produtividade do Judiciário estadual. Até a manhã desta quarta-feira (20/5), foram 260.816 decisões, 416.825 despachos e 153.100 julgamentos no 1º Grau; 21.497 decisões, 72.",Transparência,IA / Justiça 4.0,
410700,Programa do TRT da 10ª Região leva informação trabalhista às ruas de Brasília,"O Tribunal Regional do Trabalho da 10ª Região (DF/TO) lançou o programa “TRT-10 com você”, uma iniciativa voltada à aproximação entre a Justiça do Trabalho e a sociedade. O primeiro episódio, gravado na Esplanada dos Ministérios, marca o início de uma proposta que leva informação jurídica acessível diretamente ao cidadão. Com formato dinâmico e linguagem simples, o programa parte de dúvidas da pop",Justiça Itinerante / cidadania,Linguagem simples,
375717,Tribunal catarinense edita norma das audiências concentradas do sistema socioeducativo,"O Tribunal de Justiça de Santa Catarina (TJSC), por meio do Grupo de Monitoramento e Fiscalização do Sistema Prisional e Socioeducativo e do Núcleo de Direitos Humanos da Corregedoria-Geral da Justiça (Núcleo V), promoveu a edição da Resolução Conjunta GP/CGJ n. 11/2025, que aperfeiçoa a regulamentação das audiências concentradas no estado. A normativa estabelece diretrizes e procedimentos mais de",Socioeducativo,Direitos humanos / Corte IDH,
391065,Conselheiro do CNJ fala sobre precarização do trabalho em encontro sobre acesso à Justiça,"O presidente da Comissão Permanente de Democratização e Aperfeiçoamento dos Serviços Judiciários do Conselho Nacional de Justiça (CNJ), conselheiro Guilherme Feliciano, ressaltou o papel do Poder Judiciário nas novas formas de organização do trabalho, ao participar do Encontro Nacional de Democratização do Acesso à Justiça, aberto nesta quarta-feira (8/10) pelo Ministério da Justiça e Segurança Pú",Direitos humanos / Corte IDH,Institucional / Gestão,
400765,"Projeto sobre combate ao trabalho escravo atendeu a mais de 2,6 mil pessoas em 2025","O projeto Caminhos da Liberdade, coordenado pelo Tribunal Regional do Trabalho da 16ª Região (TRT-16), no Maranhão, atendeu a 2.658 pessoas em 15 cidades. Foram realizadas palestras e rodas de conversas para estudantes quilombolas da educação de jovens e adultos do ensino médio e a comunidade em geral, incluindo guias de turismo e outros profissionais. Além da Capital, São Luís, as cidades de Barr",Trabalho escravo / tráfico,Equidade racial,
416560,CNJ articula ações com a advocacia para acelerar desjudicialização e simplificar acesso à Justiça,"O Conselho Nacional de Justiça (CNJ) sediou uma reunião, na quarta-feira (10/6), para debater os principais entraves à expansão da desjudicialização no Brasil e traçar mecanismos que ampliem o acesso da população a soluções extrajudiciais mais céleres. Os conselheiros Marcello Terto e Rodrigo Badaró receberam representantes da advocacia de todas as regiões do país com o objetivo de alinhar medidas",Litigância / ações coletivas,Institucional / Gestão,
384163,Corregedoria do Mato Grosso orienta cartórios sobre registro civil com respeito à cultura indígena,"A Corregedoria-Geral da Justiça de Mato Grosso (CGJ-MT) lançou material orientativo para cartórios e comunidades indígenas acerca da Resolução Conjunta CNJ/CNMP n. 12/2024 , que trouxe mudanças no registro civil de nascimento de pessoas indígenas. A norma garante aos povos indígenas o direito de registrar seus nomes conforme sua cultura, incluindo etnia, clã, território de origem e língua indígena",Direitos humanos / Corte IDH,Corregedoria / Inspeção,
367127,Conciliação itinerante: projeto de tribunal maranhense realiza mais de 400 audiências,"O Núcleo Permanente de Métodos Consensuais de Solução de Conflitos (Nupemec/TJMA) divulgou resultado dos trabalhos desenvolvidos pelo projeto Conciliação Itinerante no período de 31 de março a 4 de abril, com atendimentos à população dos municípios de Chapadinha, Itapecuru-Mirim, Miranda do Norte, e Anajatuba. Foram realizadas 461 audiências com 53% de índice de acordos homologados e um total de R",Conciliação e mediação,Justiça Itinerante / cidadania,
380338,Tráfico de pessoas e trabalho análogo à escravidão exigem respostas articuladas,"Teve início, nesta terça-feira (29/7), o 2.º Encontro Nacional do Fórum Nacional do Poder Judiciário para o Combate ao Trabalho em Condições Análogas à de Escravo e ao Tráfico de Pessoas (Fontet) , promovido pelo Conselho Nacional de Justiça (CNJ). O evento, que segue até esta quarta-feira (30/7), acontece em São Luís (MA) e reúne representantes dos comitês estaduais e regionais do fórum para troc",Trabalho escravo / tráfico,Direitos humanos / Corte IDH,
361837,Programa Justiça Restaurativa na Escola no Mato Grosso do Sul ganha reforço do MP em 2025,"O Tribunal de Justiça de Mato Grosso do Sul (TJMS), o Ministério Público Estadual e o Executivo Estadual realizaram a primeira reunião de 2025 para alinhar as ações do Programa Justiça Restaurativa na Escola. O encontro ocorreu na Coordenadoria da Infância e da Juventude (CIJ) do TJMS. Dentre as ações previstas está a realização de Círculos de Construção de Paz com toda a comunidade escolar (gesto",Conciliação e mediação,Infância e juventude,
410428,Cejusc de Afogados da Ingazeira (PE) abre vagas para Mutirão de Conciliação em ações de família,"O Centro Judiciário de Solução de Conflitos e Cidadania (Cejusc) do Tribunal de Justiça de Pernambuco (TJPE) está com vagas abertas para as Pautas Concentradas do primeiro semestre de 2026 na comarca de Afogados da Ingazeira. A iniciativa tem como objetivo ampliar o acesso da população à resolução consensual de conflitos, além de contribuir para a redução do acervo processual no Judiciário. O muti",Conciliação e mediação,Institucional / Gestão,
393867,"Em combate ao golpe do falso advogado, CNJ inicia autenticação em dois fatores para usuários do PJe","A partir de segunda-feira (3/11), os usuários externos — advogados, partes e demais interessados — que acessarem os serviços da Justiça por meio do Processo Judicial eletrônico (PJe) terão de realizar o duplo fator de autenticação (MFA — Multi-Factor Authentication). A medida foi implementada pelo Conselho Nacional de Justiça (CNJ) como forma de aprimorar a segurança no acesso aos sistemas judicia",IA / Justiça 4.0,Inovação,
363262,Estão abertas as inscrições do Congresso Internacional de Juizados Especiais,"A Escola da Magistratura do Estado de Rondônia (Emeron) promove, nos dias 24 e 25 de abril, o Congresso Internacional de Juizados Especiais, um evento que reunirá magistrados, magistradas, especialistas e servidores e servidoras da Justiça para debater soluções inovadoras e estratégias voltadas à modernização do Sistema Judiciário. O evento ocorrerá em Porto Velho e as inscrições já estão abertas ",Institucional / Gestão,Inovação,
384242,Comissões de soluções fundiárias iniciam diálogo para mediação em terra indígena em RO,A Comissão Nacional de Soluções Fundiárias do Conselho Nacional de Justiça (CNJ) e as Comissões Regionais de Soluções Fundiárias do Tribunal de Justiça de Rondônia (TJRO) e do Tribunal Regional Federal da 1.ª Região (TRF-1) iniciaram tratativas em busca de uma solução consensual no caso envolvendo sobreposição na Terra Indígena Uru-Eu-Wau-Wau com lotes do Projeto de Assentamento Dirigido Burareiro,Conflitos fundiários,Regularização fundiária,
404994,CNJ e TRF-1 pedem reforço de segurança ao Ministério da Justiça em conflito fundiário no extremo sul da Bahia,"Representantes do Conselho Nacional de Justiça (CNJ) e da Comissão Regional de Soluções Fundiárias do Tribunal Regional Federal se reuniram na tarde desta quinta-feira (19) com o ministro da justiça e segurança pública, Wellington César Lima e Silva, para pedir reforço no contingente da Força Nacional de Segurança Pública em área de conflito fundiário no extremo sul baiano. Os agentes já atuam na ",Conflitos fundiários,Regularização fundiária,
381239,CriptoJud: novo sistema possibilita consulta on-line da posse de criptoativos por devedores,"O cumprimento de ordens judiciais para a busca de bens do devedor, relacionado a criptoativos, passará a ser feito por meio de um sistema integrado que facilita a localização. Trata-se do CriptoJud, lançado pelo presidente do Conselho Nacional de Justiça (CNJ), ministro Luís Roberto Barroso, na tarde desta terça-feira (5/8), durante a 10.ª Sessão Ordinária de 2025. O ministro lembrou que, atualmen",IA / Justiça 4.0,Inovação,
379520,Nota técnica destaca legitimidade de protocolo de julgamento com perspectiva de gênero,"O Plenário do Conselho Nacional de Justiça (CNJ) aprovou, por unanimidade, nesta sexta-feira (18/7), nota técnica sobre o Protocolo para Julgamento com Perspectiva de Gênero a ser enviada à Câmara dos Deputados. O documento esclarece questões levantadas no Projeto de Decreto Legislativo (PDL) n. 89/2023, que tramita na Comissão de Constituição e Justiça e Cidadania daquela Casa. A proposta legisla",Participação feminina,Justiça Itinerante / cidadania,
376461,Articulação da Rede de Inteligência impulsiona atuação estratégica da Justiça,"Diante do cenário de crescente aumento dos processos que chegam à Justiça, a inovação é um dos caminhos a serem usados para agilizar as respostas à sociedade. A observação foi feita pela coordenadora do Laboratório de Inovação e Objetivos de Desenvolvimento Sustentável (Liods/CNJ), conselheira Daniela Madeira, na abertura do I Encontro Nacional da Rede de Inteligência do Poder Judiciário , realiza",Inovação,IA / Justiça 4.0,
390879,Comarca de Teófilo Otoni (MG) recebe Cejusc Itinerante,"O Centro Judiciário de Solução de Conflitos e Cidadania (Cejusc) da Comarca de Teófilo Otoni, no Vale do Mucuri, com apoio da 3ª Vice-Presidência do Tribunal de Justiça de Minas Gerais (TJMG), realizou, na última quinta-feira (2/10), mais uma etapa do projeto Cejusc Itinerante. A ação ocorreu na Escola Municipal Inácio Pereira Guimarães, no Distrito de Brejão. O objetivo do projeto é ampliar o ace",Conciliação e mediação,Justiça Itinerante / cidadania,
388171,Plano Pena Justa e justiça juvenil foram temas prioritários na gestão Barroso,"O programa Fazendo Justiça encerrou o biênio com avanços que contribuem com a agenda da segurança pública sob uma perspectiva de dignidade, inclusão e desenvolvimento. Resultado de 30 ações simultâneas para as diferentes etapas do ciclo penal e do ciclo socioeducativo, essas entregas estão reunidas em relatório lançado pelo ministro Luís Roberto Barroso na terça-feira (23/9), com os resultados de ",Sistema prisional,Socioeducativo,
408300,Provimento fixa regras nacionais para gestão e divulgação de vagas em cartórios,"O Conselho Nacional de Justiça (CNJ) publicou, nesta segunda-feira (23/3), novas regras para gestão e divulgação das vagas em cartórios (chamadas de serventias extrajudiciais) em todo o Brasil. A medida busca padronizar procedimentos, aumentar a transparência e reduzir dúvidas sobre como essas vacâncias são administradas e preenchidas. As mudanças estão previstas no Provimento CNJ n. 219 de 20 de ",Corregedoria / Inspeção,Institucional / Gestão,
391476,Manual orienta Judiciário na garantia de direitos de comunidades quilombolas,O Conselho Nacional de Justiça (CNJ) lançou publicação que reúne diretrizes e procedimentos para garantir o acesso à Justiça por pessoas e comunidades quilombolas. O Manual de Implementação da Resolução CNJ n. 599/2024 marca a consolidação da Política Judiciária Nacional de Atenção às Comunidades Quilombolas e reafirma o compromisso com a equidade racial e a reparação histórica. O documento orient,Direitos humanos / Corte IDH,Equidade racial,
391106,"CNJ recebe, até o dia 18, contribuições sobre consulta prévia a indígenas e comunidades tradicionais","Encerra-se, no dia 18 de outubro, o prazo para o envio de contribuições à minuta de resolução do Conselho Nacional de Justiça (CNJ), que estabelece diretrizes para garantir o direito à Consulta Livre, Prévia e Informada (CLPI) de povos indígenas, comunidades quilombolas e tradicionais. A CLPI é um direito previsto na Constituição Federal e na Convenção 169 da Organização Internacional do Trabalho ",Direitos humanos / Corte IDH,Equidade racial,
364779,Justiça Itinerante leva cidadania à população LGBTQIAPN+ na Central do Brasil,"Realizada. Foi assim que a transexual Luma Marques, de 23 anos, se sentiu nesta quarta-feira (19/3) após conquistar a tão esperada requalificação civil de nome e gênero. Ela e outras 130 pessoas trans e não-binárias conseguiram mudar o registro civil no primeiro mutirão de Requalificação Civil deste ano voltado para a população LGBTQIAPN+, promovido pelo projeto Justiça Itinerante do Tribunal de J",LGBTQIA+,Justiça Itinerante / cidadania,
365487,CNJ declara nulo dispositivo de resolução do TJSC sobre parcelamento de precatórios,"O Plenário do Conselho Nacional de Justiça (CNJ), por unanimidade, julgou parcialmente procedente o pedido formulado pelo município de Tijucas (SC) e declarou nulidade de dispositivo da Resolução n. 9/2021 do Tribunal de Justiça de Santa Catarina (TJSC), por meio do qual indeferiu parcelamento dos precatórios proposto pelo requerente. A decisão foi tomada na 4.ª Sessão Ordinária de 2025, realizada",Precatórios,Institucional / Gestão,
393107,Diálogos entre Justiças reforça integração entre ramos do Judiciário,"Reunir diferentes ramos da Justiça para pensarem juntos os desafios do país sobre crime organizado e provas digitais foi o propósito do seminário Diálogos entre Justiças, realizado em Belo Horizonte (MG) nos dias 22 e 23 de outubro. Integrantes da magistratura e representantes de outras instituições do sistema de justiça trocaram experiências e discutiram como a união de esforços pode tornar a Jus",Institucional / Gestão,Sistema prisional,
399720,Especialistas e sociedade podem propor soluções para desafios do Poder Judiciário,"Especialistas, instituições e cidadãos interessados em contribuir com soluções para desafios enfrentados pelo Poder Judiciário nos temas Previdenciário, Execuções Fiscais e Direito do Consumidor podem participar de consulta pública aberta pelo Conselho Nacional de Justiça (CNJ). Para tanto, o Conselho Consultivo do CNJ (CC-CNJ) publicou, nesta sexta-feira (19/12), três editais acadêmicos que orien",Institucional / Gestão,Execuções fiscais,
368996,Evento no Tribunal Regional Federal da 3.ª Região valoriza arte do povo da rua,"O Conselho Nacional de Justiça (CNJ), em parceria com o Tribunal Regional Federal da 3.ª Região (TRF-3) e a Defensoria Pública do Estado de São Paulo (DPE/SP), realiza, nos dias 24 e 25 de abril, das 16h às 19h, o evento “A arte do povo da rua”. A iniciativa irá apresentar palestras, atividades culturais, exposição de arte temporária e itinerante, com foco em temas urgentes que envolvem pessoas em",PopRuaJud,Institucional / Gestão,
388037,Tribunal paulista leva Programa de Inclusão Político-Eleitoral a aldeia indígena em Peruíbe,"Na última sexta-feira (19/9), o Tribunal Regional Eleitoral de São Paulo (TRE-SP) realizou mais uma etapa do Programa de Inclusão Político-Eleitoral . A iniciativa, que reforça o compromisso da Justiça Eleitoral com a cidadania e a participação democrática, desta vez visitou a Aldeia Tabaçu Rekoypy, em Peruíbe. A comunidade indígena, localizada na Terra Indígena Piaçaguera, está na área de atuação",Justiça Eleitoral,Justiça Itinerante / cidadania,
